<?xml version="1.0" encoding="UTF-8"?><module codename="org.clothocad.tool.helloworld">
    <module_version install_time="1382591541733" last="true" origin="installer" specification_version="1.0">
        <file crc="2919144812" name="config/Modules/org-clothocad-tool-helloworld.xml"/>
        <file crc="1137348320" name="modules/ext/AbsoluteLayout.jar"/>
        <file crc="2744962428" name="modules/ext/antlr.jar"/>
        <file crc="1656749251" name="modules/ext/asm-attrs.jar"/>
        <file crc="1662521808" name="modules/ext/asm.jar"/>
        <file crc="765881491" name="modules/ext/c3p0-0.9.0.jar"/>
        <file crc="2188745679" name="modules/ext/cglib-2.1.3.jar"/>
        <file crc="1661102391" name="modules/ext/commons-collections-2.1.1.jar"/>
        <file crc="3420158953" name="modules/ext/commons-logging-1.0.4.jar"/>
        <file crc="2050839146" name="modules/ext/dom4j-1.6.1.jar"/>
        <file crc="611948062" name="modules/ext/dom4j-2.0.0-ALPHA-2.jar"/>
        <file crc="655765739" name="modules/ext/ehcache-1.1.jar"/>
        <file crc="614276198" name="modules/ext/hibernate3.jar"/>
        <file crc="4085426780" name="modules/ext/javax.persistence_2.0.3.v201010191057.jar"/>
        <file crc="409387958" name="modules/ext/jaxen-1.1.1.jar"/>
        <file crc="1688406152" name="modules/ext/jdom.jar"/>
        <file crc="190545487" name="modules/ext/jta.jar"/>
        <file crc="3628109258" name="modules/ext/junit-4.4.jar"/>
        <file crc="2880301230" name="modules/ext/log4j-1.2.9.jar"/>
        <file crc="3001390372" name="modules/ext/mysql-connector-java-5.1.6-bin.jar"/>
        <file crc="1840772239" name="modules/ext/org-clothocore.jar"/>
        <file crc="6116690" name="modules/ext/sqlite-jdbc-3.6.0.jar"/>
        <file crc="2605350420" name="modules/ext/twaver.jar"/>
        <file crc="3877942736" name="modules/ext/xml-apis.jar"/>
        <file crc="1206283036" name="modules/org-clothocad-tool-helloworld.jar"/>
    </module_version>
</module>
