<?xml version="1.0" encoding="UTF-8"?><module codename="org.clothocad.hibernate">
    <module_version install_time="1382606277615" last="true" origin="installer" specification_version="1.0">
        <file crc="107049905" name="config/Modules/org-clothocad-hibernate.xml"/>
        <file crc="3507015122" name="modules/ext/antlr-2.7.6.jar"/>
        <file crc="3507394090" name="modules/ext/commons-collections-3.1.jar"/>
        <file crc="2050839146" name="modules/ext/dom4j-1.6.1.jar"/>
        <file crc="3657100567" name="modules/ext/hibernate3.jar"/>
        <file crc="2928396642" name="modules/ext/hsqldb.jar"/>
        <file crc="2730316655" name="modules/ext/javassist-3.9.0.GA.jar"/>
        <file crc="3045090205" name="modules/ext/jta-1.1.jar"/>
        <file crc="3001390372" name="modules/ext/mysql-connector-java-5.1.6-bin.jar"/>
        <file crc="2165395198" name="modules/ext/slf4j-api-1.5.8.jar"/>
        <file crc="2210693358" name="modules/ext/slf4j-api-1.6.1.jar"/>
        <file crc="3056488015" name="modules/ext/slf4j-ext-1.6.1.jar"/>
        <file crc="2898808488" name="modules/ext/slf4j-nop-1.6.1.jar"/>
        <file crc="3592140339" name="modules/org-clothocad-hibernate.jar"/>
    </module_version>
</module>
