<?xml version="1.0" encoding="UTF-8"?><module codename="org.openide.compat">
    <module_version install_time="1370464033434" last="true" origin="installer" specification_version="6.24.1">
        <file crc="1028000658" name="config/Modules/org-openide-compat.xml"/>
        <file crc="416543830" name="modules/locale/org-openide-compat_ja.jar"/>
        <file crc="148038804" name="modules/locale/org-openide-compat_pt_BR.jar"/>
        <file crc="4123073063" name="modules/locale/org-openide-compat_ru.jar"/>
        <file crc="1487434515" name="modules/locale/org-openide-compat_zh_CN.jar"/>
        <file crc="3849855506" name="modules/org-openide-compat.jar"/>
    </module_version>
</module>
