<?xml version="1.0" encoding="UTF-8"?><module codename="org.openide.options">
    <module_version install_time="1370463540715" last="true" origin="installer" specification_version="6.26.1">
        <file crc="2763036759" name="config/Modules/org-openide-options.xml"/>
        <file crc="3799493556" name="modules/locale/org-openide-options_ja.jar"/>
        <file crc="2298724537" name="modules/locale/org-openide-options_pt_BR.jar"/>
        <file crc="112264554" name="modules/locale/org-openide-options_ru.jar"/>
        <file crc="1379285564" name="modules/locale/org-openide-options_zh_CN.jar"/>
        <file crc="2023082565" name="modules/org-openide-options.jar"/>
    </module_version>
</module>
