<?xml version="1.0" encoding="UTF-8"?><module codename="org.netbeans.modules.core.kit">
    <module_version install_time="1370464443401" last="true" origin="installer" specification_version="1.20.1">
        <file crc="973410181" name="VERSION.txt"/>
        <file crc="2391224559" name="config/Modules/org-netbeans-modules-core-kit.xml"/>
        <file crc="2391006125" name="modules/locale/org-netbeans-modules-core-kit_ja.jar"/>
        <file crc="174650653" name="modules/locale/org-netbeans-modules-core-kit_pt_BR.jar"/>
        <file crc="3271236007" name="modules/locale/org-netbeans-modules-core-kit_ru.jar"/>
        <file crc="2053963057" name="modules/locale/org-netbeans-modules-core-kit_zh_CN.jar"/>
        <file crc="4205391368" name="modules/org-netbeans-modules-core-kit.jar"/>
    </module_version>
</module>
