<?xml version="1.0" encoding="UTF-8"?><module codename="org.netbeans.modules.favorites/1">
    <module_version install_time="1370463620972" last="true" origin="installer" specification_version="1.32.1">
        <file crc="1394443980" name="config/Modules/org-netbeans-modules-favorites.xml"/>
        <file crc="853956203" name="modules/locale/org-netbeans-modules-favorites_ja.jar"/>
        <file crc="415199161" name="modules/locale/org-netbeans-modules-favorites_pt_BR.jar"/>
        <file crc="2922684601" name="modules/locale/org-netbeans-modules-favorites_ru.jar"/>
        <file crc="3723018238" name="modules/locale/org-netbeans-modules-favorites_zh_CN.jar"/>
        <file crc="2841253264" name="modules/org-netbeans-modules-favorites.jar"/>
    </module_version>
</module>
