<?xml version="1.0" encoding="UTF-8"?><module codename="org.openide.awt">
    <module_version install_time="1370463231086" last="true" origin="installer" specification_version="7.55.1">
        <file crc="3208246121" name="config/Modules/org-openide-awt.xml"/>
        <file crc="2708842222" name="modules/locale/org-openide-awt_ja.jar"/>
        <file crc="2843861433" name="modules/locale/org-openide-awt_pt_BR.jar"/>
        <file crc="2928442349" name="modules/locale/org-openide-awt_ru.jar"/>
        <file crc="441943348" name="modules/locale/org-openide-awt_zh_CN.jar"/>
        <file crc="1450984173" name="modules/org-openide-awt.jar"/>
    </module_version>
</module>
