<?xml version="1.0" encoding="UTF-8"?><module codename="org.openide.util">
    <module_version install_time="1370463090233" last="true" origin="installer" specification_version="8.29.3">
        <file crc="3298874072" name="config/ModuleAutoDeps/org-openide-util.xml"/>
        <file crc="595096247" name="lib/locale/org-openide-util_ja.jar"/>
        <file crc="1029114953" name="lib/locale/org-openide-util_pt_BR.jar"/>
        <file crc="279399330" name="lib/locale/org-openide-util_ru.jar"/>
        <file crc="1219215441" name="lib/locale/org-openide-util_zh_CN.jar"/>
        <file crc="3371819740" name="lib/org-openide-util.jar"/>
    </module_version>
</module>
