<?xml version="1.0" encoding="UTF-8"?><module codename="org.netbeans.modules.masterfs.solaris">
    <module_version install_time="1370463289471" last="true" origin="installer" specification_version="1.4.1">
        <file crc="124835977" name="config/Modules/org-netbeans-modules-masterfs-solaris.xml"/>
        <file crc="466742136" name="modules/locale/org-netbeans-modules-masterfs-solaris_ja.jar"/>
        <file crc="1410205219" name="modules/locale/org-netbeans-modules-masterfs-solaris_pt_BR.jar"/>
        <file crc="630164255" name="modules/locale/org-netbeans-modules-masterfs-solaris_ru.jar"/>
        <file crc="959290404" name="modules/locale/org-netbeans-modules-masterfs-solaris_zh_CN.jar"/>
        <file crc="262794072" name="modules/org-netbeans-modules-masterfs-solaris.jar"/>
    </module_version>
</module>
