<?xml version="1.0" encoding="UTF-8"?><module codename="org.openide.execution">
    <module_version install_time="1370463262245" last="true" origin="installer" specification_version="1.30.1">
        <file crc="3133979221" name="config/ModuleAutoDeps/org-openide-execution.xml"/>
        <file crc="1899864534" name="config/Modules/org-openide-execution.xml"/>
        <file crc="2701452831" name="modules/locale/org-openide-execution_ja.jar"/>
        <file crc="3993748159" name="modules/locale/org-openide-execution_pt_BR.jar"/>
        <file crc="1920164022" name="modules/locale/org-openide-execution_ru.jar"/>
        <file crc="1687526038" name="modules/locale/org-openide-execution_zh_CN.jar"/>
        <file crc="2536570022" name="modules/org-openide-execution.jar"/>
    </module_version>
</module>
