<?xml version="1.0" encoding="UTF-8"?><module codename="org.netbeans.api.search">
    <module_version install_time="1370463613691" last="true" origin="installer" specification_version="1.8.4">
        <file crc="3710953649" name="config/Modules/org-netbeans-api-search.xml"/>
        <file crc="868894302" name="modules/locale/org-netbeans-api-search_ja.jar"/>
        <file crc="3348003754" name="modules/locale/org-netbeans-api-search_pt_BR.jar"/>
        <file crc="2083222686" name="modules/locale/org-netbeans-api-search_ru.jar"/>
        <file crc="983569239" name="modules/locale/org-netbeans-api-search_zh_CN.jar"/>
        <file crc="4162945214" name="modules/org-netbeans-api-search.jar"/>
    </module_version>
</module>
