<?xml version="1.0" encoding="UTF-8"?><module codename="org.netbeans.swing.plaf">
    <module_version install_time="1370463079953" last="true" origin="installer" specification_version="1.30.1">
        <file crc="4198966476" name="config/Modules/org-netbeans-swing-plaf.xml"/>
        <file crc="4032398506" name="modules/locale/org-netbeans-swing-plaf_ja.jar"/>
        <file crc="2382514274" name="modules/locale/org-netbeans-swing-plaf_pt_BR.jar"/>
        <file crc="3025334386" name="modules/locale/org-netbeans-swing-plaf_ru.jar"/>
        <file crc="2077122296" name="modules/locale/org-netbeans-swing-plaf_zh_CN.jar"/>
        <file crc="1421893235" name="modules/org-netbeans-swing-plaf.jar"/>
    </module_version>
</module>
