<?xml version="1.0" encoding="UTF-8"?><module codename="org.netbeans.modules.sendopts/2">
    <module_version install_time="1370463422525" last="true" origin="installer" specification_version="2.25.1">
        <file crc="3090052921" name="config/Modules/org-netbeans-modules-sendopts.xml"/>
        <file crc="1017430634" name="modules/locale/org-netbeans-modules-sendopts_ja.jar"/>
        <file crc="2214266287" name="modules/locale/org-netbeans-modules-sendopts_pt_BR.jar"/>
        <file crc="2172230921" name="modules/locale/org-netbeans-modules-sendopts_ru.jar"/>
        <file crc="3799219750" name="modules/locale/org-netbeans-modules-sendopts_zh_CN.jar"/>
        <file crc="2318661852" name="modules/org-netbeans-modules-sendopts.jar"/>
    </module_version>
</module>
