<?xml version="1.0" encoding="UTF-8"?><module codename="org.netbeans.core.osgi">
    <module_version install_time="1370463493677" last="true" origin="installer" specification_version="1.12.1">
        <file crc="4106410406" name="config/Modules/org-netbeans-core-osgi.xml"/>
        <file crc="581686314" name="modules/locale/org-netbeans-core-osgi_ja.jar"/>
        <file crc="558294130" name="modules/locale/org-netbeans-core-osgi_pt_BR.jar"/>
        <file crc="4232300407" name="modules/locale/org-netbeans-core-osgi_ru.jar"/>
        <file crc="181626173" name="modules/locale/org-netbeans-core-osgi_zh_CN.jar"/>
        <file crc="1698535629" name="modules/org-netbeans-core-osgi.jar"/>
    </module_version>
</module>
