<?xml version="1.0" encoding="UTF-8"?><module codename="org.openide.filesystems">
    <module_version install_time="1370463211039" last="true" origin="installer" specification_version="8.5.1">
        <file crc="4169761098" name="config/ModuleAutoDeps/org-openide-filesystems.xml"/>
        <file crc="3576225015" name="core/locale/org-openide-filesystems_ja.jar"/>
        <file crc="663142673" name="core/locale/org-openide-filesystems_pt_BR.jar"/>
        <file crc="2240252954" name="core/locale/org-openide-filesystems_ru.jar"/>
        <file crc="115175377" name="core/locale/org-openide-filesystems_zh_CN.jar"/>
        <file crc="1601883092" name="core/org-openide-filesystems.jar"/>
    </module_version>
</module>
