<?xml version="1.0" encoding="UTF-8"?><module codename="org.netbeans.libs.jsr223/1">
    <module_version install_time="1370462405486" last="true" origin="installer" specification_version="1.26.1">
        <file crc="1051087422" name="config/Modules/org-netbeans-libs-jsr223.xml"/>
        <file crc="1011275837" name="modules/locale/org-netbeans-libs-jsr223_ja.jar"/>
        <file crc="1294504077" name="modules/locale/org-netbeans-libs-jsr223_pt_BR.jar"/>
        <file crc="1361477837" name="modules/locale/org-netbeans-libs-jsr223_ru.jar"/>
        <file crc="1949591898" name="modules/locale/org-netbeans-libs-jsr223_zh_CN.jar"/>
        <file crc="886778967" name="modules/org-netbeans-libs-jsr223.jar"/>
    </module_version>
</module>
