<?xml version="1.0" encoding="UTF-8"?><module codename="org.netbeans.spi.quicksearch">
    <module_version install_time="1370463575125" last="true" origin="installer" specification_version="1.17.1">
        <file crc="2420451830" name="config/Modules/org-netbeans-spi-quicksearch.xml"/>
        <file crc="792004121" name="modules/locale/org-netbeans-spi-quicksearch_ja.jar"/>
        <file crc="2572683021" name="modules/locale/org-netbeans-spi-quicksearch_pt_BR.jar"/>
        <file crc="3046824172" name="modules/locale/org-netbeans-spi-quicksearch_ru.jar"/>
        <file crc="271183945" name="modules/locale/org-netbeans-spi-quicksearch_zh_CN.jar"/>
        <file crc="1286810815" name="modules/org-netbeans-spi-quicksearch.jar"/>
    </module_version>
</module>
