<?xml version="1.0" encoding="UTF-8"?><module codename="org.netbeans.modules.masterfs.macosx">
    <module_version install_time="1370463280635" last="true" origin="installer" specification_version="1.4.1">
        <file crc="4284776310" name="config/Modules/org-netbeans-modules-masterfs-macosx.xml"/>
        <file crc="2770122151" name="modules/locale/org-netbeans-modules-masterfs-macosx_ja.jar"/>
        <file crc="2878391461" name="modules/locale/org-netbeans-modules-masterfs-macosx_pt_BR.jar"/>
        <file crc="3454399360" name="modules/locale/org-netbeans-modules-masterfs-macosx_ru.jar"/>
        <file crc="998946175" name="modules/locale/org-netbeans-modules-masterfs-macosx_zh_CN.jar"/>
        <file crc="936525603" name="modules/org-netbeans-modules-masterfs-macosx.jar"/>
    </module_version>
</module>
