<?xml version="1.0" encoding="UTF-8"?><module codename="org.netbeans.modules.applemenu/1">
    <module_version install_time="1370464439972" last="true" origin="installer" specification_version="1.27.1">
        <file crc="2121659589" name="config/Modules/org-netbeans-modules-applemenu.xml"/>
        <file crc="2074075929" name="modules/locale/org-netbeans-modules-applemenu_ja.jar"/>
        <file crc="2824660627" name="modules/locale/org-netbeans-modules-applemenu_pt_BR.jar"/>
        <file crc="3687217648" name="modules/locale/org-netbeans-modules-applemenu_ru.jar"/>
        <file crc="3681946860" name="modules/locale/org-netbeans-modules-applemenu_zh_CN.jar"/>
        <file crc="2323235514" name="modules/org-netbeans-modules-applemenu.jar"/>
    </module_version>
</module>
