<?xml version="1.0" encoding="UTF-8"?><module codename="org.netbeans.core.execution/1">
    <module_version install_time="1370463883238" last="true" origin="installer" specification_version="1.31.1">
        <file crc="131205059" name="config/Modules/org-netbeans-core-execution.xml"/>
        <file crc="3942265126" name="modules/locale/org-netbeans-core-execution_ja.jar"/>
        <file crc="3076559998" name="modules/locale/org-netbeans-core-execution_pt_BR.jar"/>
        <file crc="2110298493" name="modules/locale/org-netbeans-core-execution_ru.jar"/>
        <file crc="4158836613" name="modules/locale/org-netbeans-core-execution_zh_CN.jar"/>
        <file crc="1223219340" name="modules/org-netbeans-core-execution.jar"/>
    </module_version>
</module>
