<?xml version="1.0" encoding="UTF-8"?><module codename="org.netbeans.api.progress/1">
    <module_version install_time="1370463235243" last="true" origin="installer" specification_version="1.32.1">
        <file crc="1605883752" name="config/Modules/org-netbeans-api-progress.xml"/>
        <file crc="2466563161" name="modules/locale/org-netbeans-api-progress_ja.jar"/>
        <file crc="2782350409" name="modules/locale/org-netbeans-api-progress_pt_BR.jar"/>
        <file crc="2977362175" name="modules/locale/org-netbeans-api-progress_ru.jar"/>
        <file crc="1615705708" name="modules/locale/org-netbeans-api-progress_zh_CN.jar"/>
        <file crc="2200011121" name="modules/org-netbeans-api-progress.jar"/>
    </module_version>
</module>
