<?xml version="1.0" encoding="UTF-8"?><module codename="org.openide.loaders">
    <module_version install_time="1370463606537" last="true" origin="installer" specification_version="7.44.3">
        <file crc="3523985554" name="config/ModuleAutoDeps/org-openide-loaders.xml"/>
        <file crc="3241200" name="config/Modules/org-openide-loaders.xml"/>
        <file crc="222487850" name="modules/locale/org-openide-loaders_ja.jar"/>
        <file crc="2494986463" name="modules/locale/org-openide-loaders_pt_BR.jar"/>
        <file crc="180736856" name="modules/locale/org-openide-loaders_ru.jar"/>
        <file crc="3570156610" name="modules/locale/org-openide-loaders_zh_CN.jar"/>
        <file crc="2456778292" name="modules/org-openide-loaders.jar"/>
    </module_version>
</module>
