<?xml version="1.0" encoding="UTF-8"?><module codename="org.netbeans.modules.keyring.impl">
    <module_version install_time="1370463244544" last="true" origin="installer" specification_version="1.10.1">
        <file crc="729697579" name="config/Modules/org-netbeans-modules-keyring-impl.xml"/>
        <file crc="3520243966" name="modules/locale/org-netbeans-modules-keyring-impl_ja.jar"/>
        <file crc="4255073102" name="modules/locale/org-netbeans-modules-keyring-impl_pt_BR.jar"/>
        <file crc="450539416" name="modules/locale/org-netbeans-modules-keyring-impl_ru.jar"/>
        <file crc="941113422" name="modules/locale/org-netbeans-modules-keyring-impl_zh_CN.jar"/>
        <file crc="2878548975" name="modules/org-netbeans-modules-keyring-impl.jar"/>
    </module_version>
</module>
