<?xml version="1.0" encoding="UTF-8"?><module codename="org.netbeans.api.visual">
    <module_version install_time="1370463523226" last="true" origin="installer" specification_version="2.36.1">
        <file crc="1235850484" name="config/Modules/org-netbeans-api-visual.xml"/>
        <file crc="3883229381" name="modules/locale/org-netbeans-api-visual_ja.jar"/>
        <file crc="3625038534" name="modules/locale/org-netbeans-api-visual_pt_BR.jar"/>
        <file crc="272822084" name="modules/locale/org-netbeans-api-visual_ru.jar"/>
        <file crc="2428287982" name="modules/locale/org-netbeans-api-visual_zh_CN.jar"/>
        <file crc="1491676358" name="modules/org-netbeans-api-visual.jar"/>
    </module_version>
</module>
