<?xml version="1.0" encoding="UTF-8"?><module codename="org.openide.util.enumerations">
    <module_version install_time="1370463082962" last="true" origin="installer" specification_version="6.24.1">
        <file crc="4290833959" name="config/Modules/org-openide-util-enumerations.xml"/>
        <file crc="559159179" name="modules/locale/org-openide-util-enumerations_ja.jar"/>
        <file crc="3788434199" name="modules/locale/org-openide-util-enumerations_pt_BR.jar"/>
        <file crc="3823184210" name="modules/locale/org-openide-util-enumerations_ru.jar"/>
        <file crc="1367209836" name="modules/locale/org-openide-util-enumerations_zh_CN.jar"/>
        <file crc="963567501" name="modules/org-openide-util-enumerations.jar"/>
    </module_version>
</module>
