<?xml version="1.0" encoding="UTF-8"?><module codename="org.netbeans.modules.options.api/1">
    <module_version install_time="1370464047715" last="true" origin="installer" specification_version="1.31.2">
        <file crc="73733985" name="config/ModuleAutoDeps/org-netbeans-modules-options-api.xml"/>
        <file crc="1511401705" name="config/Modules/org-netbeans-modules-options-api.xml"/>
        <file crc="4173396300" name="modules/locale/org-netbeans-modules-options-api_ja.jar"/>
        <file crc="48680031" name="modules/locale/org-netbeans-modules-options-api_pt_BR.jar"/>
        <file crc="1735000564" name="modules/locale/org-netbeans-modules-options-api_ru.jar"/>
        <file crc="25401492" name="modules/locale/org-netbeans-modules-options-api_zh_CN.jar"/>
        <file crc="883584090" name="modules/org-netbeans-modules-options-api.jar"/>
    </module_version>
</module>
